timestamp, index, utilization.gpu [%], utilization.memory [%], power.draw [W], clocks.current.sm [MHz], temperature.gpu, clocks_event_reasons.hw_slowdown, clocks_event_reasons.hw_thermal_slowdown, clocks_event_reasons.sw_thermal_slowdown, clocks_event_reasons.sw_power_cap
2026/10/06 16:07:40.560, 0, 0, 0, 119.98, 1410, 69, Not Active, Not Active, Not Active, Not Active
2026/10/06 16:07:41.576, 0, 0, 0, 119.01, 1410, 68, Not Active, Not Active, Not Active, Not Active
2026/10/06 16:07:42.577, 0, 0, 0, 118.36, 1410, 68, Not Active, Not Active, Not Active, Not Active
2026/10/06 16:07:43.577, 0, 0, 0, 117.94, 1410, 67, Not Active, Not Active, Not Active, Not Active
2026/10/06 16:07:44.577, 0, 0, 0, 117.45, 1410, 67, Not Active, Not Active, Not Active, Not Active
2026/10/06 16:07:45.577, 0, 0, 0, 116.95, 1410, 66, Not Active, Not Active, Not Active, Not Active
2026/10/06 16:07:46.578, 0, 0, 0, 116.50, 1410, 66, Not Active, Not Active, Not Active, Not Active
2026/10/06 16:07:47.578, 0, 0, 0, 116.24, 1410, 66, Not Active, Not Active, Not Active, Not Active
2026/10/06 16:07:48.578, 0, 0, 0, 115.94, 1410, 65, Not Active, Not Active, Not Active, Not Active
2026/10/06 16:07:49.579, 0, 0, 0, 115.65, 1410, 65, Not Active, Not Active, Not Active, Not Active
2026/10/06 16:07:50.579, 0, 0, 0, 115.44, 1410, 65, Not Active, Not Active, Not Active, Not Active
2026/10/06 16:07:51.579, 0, 0, 0, 115.21, 1410, 64, Not Active, Not Active, Not Active, Not Active
2026/10/06 16:07:52.579, 0, 0, 0, 114.81, 1410, 64, Not Active, Not Active, Not Active, Not Active
2026/10/06 16:07:53.580, 0, 0, 0, 114.54, 1410, 64, Not Active, Not Active, Not Active, Not Active
2026/10/06 16:07:54.580, 0, 0, 0, 114.37, 1410, 64, Not Active, Not Active, Not Active, Not Active
2026/10/06 16:07:55.580, 0, 0, 0, 114.14, 1410, 63, Not Active, Not Active, Not Active, Not Active
2026/10/06 16:07:56.580, 0, 0, 0, 113.94, 1410, 63, Not Active, Not Active, Not Active, Not Active
2026/10/06 16:07:57.581, 0, 0, 0, 113.67, 1410, 63, Not Active, Not Active, Not Active, Not Active
2026/10/06 16:07:58.581, 0, 0, 0, 113.54, 1410, 63, Not Active, Not Active, Not Active, Not Active
2026/10/06 16:07:59.581, 0, 0, 0, 113.27, 1410, 62, Not Active, Not Active, Not Active, Not Active
2026/10/06 16:08:00.581, 0, 0, 0, 111.74, 1410, 62, Not Active, Not Active, Not Active, Not Active
2026/10/06 16:08:01.582, 0, 0, 0, 111.60, 1410, 62, Not Active, Not Active, Not Active, Not Active
2026/10/06 16:08:02.582, 0, 100, 84, 268.10, 1305, 65, Not Active, Not Active, Not Active, Active
2026/10/06 16:08:03.582, 0, 100, 85, 287.07, 1260, 66, Not Active, Not Active, Not Active, Active
2026/10/06 16:08:04.582, 0, 100, 82, 294.54, 1275, 66, Not Active, Not Active, Not Active, Active
2026/10/06 16:08:05.583, 0, 100, 85, 298.80, 1275, 66, Not Active, Not Active, Not Active, Active
2026/10/06 16:08:06.583, 0, 100, 82, 297.31, 1275, 67, Not Active, Not Active, Not Active, Active
2026/10/06 16:08:07.583, 0, 100, 87, 299.68, 1260, 67, Not Active, Not Active, Not Active, Active
2026/10/06 16:08:08.584, 0, 100, 88, 295.64, 1275, 67, Not Active, Not Active, Not Active, Active
2026/10/06 16:08:09.584, 0, 100, 81, 303.27, 1290, 67, Not Active, Not Active, Not Active, Active
2026/10/06 16:08:10.584, 0, 100, 85, 289.50, 1290, 67, Not Active, Not Active, Not Active, Active
2026/10/06 16:08:11.585, 0, 100, 87, 286.62, 1260, 68, Not Active, Not Active, Not Active, Active
2026/10/06 16:08:12.585, 0, 100, 88, 305.83, 1260, 68, Not Active, Not Active, Not Active, Active
2026/10/06 16:08:13.585, 0, 100, 83, 297.93, 1260, 68, Not Active, Not Active, Not Active, Active
2026/10/06 16:08:14.585, 0, 100, 76, 316.64, 1260, 68, Not Active, Not Active, Not Active, Active
2026/10/06 16:08:15.586, 0, 100, 88, 294.23, 1245, 68, Not Active, Not Active, Not Active, Active
2026/10/06 16:08:16.586, 0, 100, 86, 294.65, 1230, 68, Not Active, Not Active, Not Active, Active
2026/10/06 16:08:17.586, 0, 100, 82, 302.10, 1245, 68, Not Active, Not Active, Not Active, Active
2026/10/06 16:08:18.586, 0, 100, 78, 300.22, 1275, 68, Not Active, Not Active, Not Active, Active
2026/10/06 16:08:19.586, 0, 100, 81, 298.40, 1260, 68, Not Active, Not Active, Not Active, Active
2026/10/06 16:08:20.587, 0, 100, 83, 298.70, 1260, 69, Not Active, Not Active, Not Active, Active
2026/10/06 16:08:21.587, 0, 100, 79, 294.45, 1275, 69, Not Active, Not Active, Not Active, Active
2026/10/06 16:08:22.587, 0, 100, 82, 326.92, 1260, 69, Not Active, Not Active, Not Active, Active
2026/10/06 16:08:23.588, 0, 100, 84, 299.02, 1200, 70, Not Active, Not Active, Not Active, Active
2026/10/06 16:08:24.588, 0, 100, 86, 303.76, 1230, 69, Not Active, Not Active, Not Active, Active
2026/10/06 16:08:25.588, 0, 100, 83, 299.99, 1260, 69, Not Active, Not Active, Not Active, Active
2026/10/06 16:08:26.588, 0, 100, 83, 309.28, 1230, 69, Not Active, Not Active, Not Active, Active
2026/10/06 16:08:27.589, 0, 100, 86, 299.19, 1245, 69, Not Active, Not Active, Not Active, Active
2026/10/06 16:08:28.589, 0, 100, 84, 291.49, 1260, 69, Not Active, Not Active, Not Active, Active
2026/10/06 16:08:29.589, 0, 100, 86, 296.22, 1260, 69, Not Active, Not Active, Not Active, Active
2026/10/06 16:08:30.589, 0, 100, 86, 296.06, 1260, 69, Not Active, Not Active, Not Active, Active
2026/10/06 16:08:31.590, 0, 100, 82, 301.11, 1275, 70, Not Active, Not Active, Not Active, Active
2026/10/06 16:08:32.590, 0, 100, 84, 293.75, 1260, 70, Not Active, Not Active, Not Active, Active
2026/10/06 16:08:33.590, 0, 100, 80, 294.94, 1245, 70, Not Active, Not Active, Not Active, Active
2026/10/06 16:08:34.590, 0, 100, 83, 302.58, 1230, 70, Not Active, Not Active, Not Active, Active
2026/10/06 16:08:35.591, 0, 100, 82, 298.12, 1260, 70, Not Active, Not Active, Not Active, Active
2026/10/06 16:08:36.591, 0, 100, 86, 299.21, 1260, 70, Not Active, Not Active, Not Active, Active
2026/10/06 16:08:37.591, 0, 100, 80, 293.29, 1245, 70, Not Active, Not Active, Not Active, Active
2026/10/06 16:08:38.591, 0, 100, 83, 296.74, 1260, 70, Not Active, Not Active, Not Active, Active
2026/10/06 16:08:39.592, 0, 100, 88, 296.90, 1290, 70, Not Active, Not Active, Not Active, Active
2026/10/06 16:08:40.592, 0, 100, 87, 303.95, 1290, 70, Not Active, Not Active, Not Active, Active
2026/10/06 16:08:41.592, 0, 100, 85, 294.64, 1275, 70, Not Active, Not Active, Not Active, Active
2026/10/06 16:08:42.593, 0, 100, 85, 293.36, 1260, 70, Not Active, Not Active, Not Active, Active
2026/10/06 16:08:43.593, 0, 100, 85, 293.14, 1260, 70, Not Active, Not Active, Not Active, Active
2026/10/06 16:08:44.593, 0, 100, 83, 296.02, 1275, 71, Not Active, Not Active, Not Active, Active
2026/10/06 16:08:45.593, 0, 100, 80, 298.51, 1260, 71, Not Active, Not Active, Not Active, Active
2026/10/06 16:08:46.594, 0, 100, 88, 299.90, 1245, 71, Not Active, Not Active, Not Active, Active
2026/10/06 16:08:47.594, 0, 100, 85, 303.97, 1260, 71, Not Active, Not Active, Not Active, Active
2026/10/06 16:08:48.594, 0, 100, 82, 319.61, 1245, 71, Not Active, Not Active, Not Active, Active
2026/10/06 16:08:49.594, 0, 100, 84, 295.13, 1230, 71, Not Active, Not Active, Not Active, Active
2026/10/06 16:08:50.595, 0, 100, 89, 295.81, 1215, 71, Not Active, Not Active, Not Active, Active
2026/10/06 16:08:51.595, 0, 100, 81, 298.91, 1275, 71, Not Active, Not Active, Not Active, Active
2026/10/06 16:08:52.595, 0, 100, 88, 300.11, 1245, 71, Not Active, Not Active, Not Active, Active
2026/10/06 16:08:53.596, 0, 100, 87, 297.11, 1290, 71, Not Active, Not Active, Not Active, Active
2026/10/06 16:08:54.596, 0, 100, 88, 284.44, 1290, 71, Not Active, Not Active, Not Active, Active
